created_at,text,dale_chall_readability_score,flesch_kincaid,automated_readability,flesch_reading,sentence_count,coleman_liau_index,based_on_all_algorithms
Fri Jun 19 17:09:36 +0000 2020,Can t wait to watch on today Executive produced by who is extraordinary Who else is gonna watch,7.16,9.1,8.0,61.67,1,7.54,7th and 8th grade
Fri Jun 19 04:01:22 +0000 2020,"For my family, everything that has transpired recently gives us an opportunity to reflect, listen, and reprogram any part of our lives that hasn t been loudly and ferociously anti racist, and to never let privilege lie dormant when it could be used to stand up for what s right.",9.27,21.6,25.1,29.19,1,9.59,9th and 10th grade
Fri Jun 19 04:01:22 +0000 2020,"Personally, I ve made the decision to give all of my employees June 19th off in honor of Freedom Day from now on, and to continue to educate myself on the history that brought us to this present moment.",7.6,16.1,17.9,48.81,1,7.27,7th and 8th grade
Fri Jun 19 04:01:21 +0000 2020,"Happy Juneteenth I want to thank and for allowing me to post this video about the significance of today, June 19th, and why it should be celebrated as a National holiday.",7.72,14.2,15.4,48.47,1,8.95,14th and 15th grade
Mon Jun 15 17:24:59 +0000 2020,"YES Thank you to the Supreme Court Justices who voted in favor and all the advocates who have fought so hard for this We still have a long way to go to reach equality, but this is a beautiful step forward.",7.21,14.6,18.0,63.7,1,6.69,6th and 7th grade
Fri Jun 12 20:07:58 +0000 2020,"When you fight to honor racists, you show black Tennesseans and all of their allies where you stand, and you continue this cycle of hurt. You can t change history, but you can change this.",6.31,5.4,8.0,87.55,2,7.13,7th and 8th grade
Fri Jun 12 20:07:58 +0000 2020,I m asking the Capitol Commission and the Tennessee Historical Commission to please consider the implications of how hurtful it would be to continue fighting for these monuments.,11.23,16.6,18.0,26.14,1,14.1,21st and 22nd grade
Fri Jun 12 20:07:57 +0000 2020,We need to retroactively change the status of people who perpetuated hideous patterns of racism from heroes to villains. And villains don t deserve statues.,8.68,8.2,9.7,58.79,2,11.99,8th and 9th grade
Fri Jun 12 20:07:57 +0000 2020,"Taking down statues isn t going to fix centuries of systemic oppression, violence and hatred that black people have had to endure but it might bring us one small step closer to making ALL Tennesseans and visitors to our state feel safe not just the white ones.",9.33,19.3,23.5,40.69,1,9.77,9th and 10th grade
Fri Jun 12 20:07:57 +0000 2020,"His statue is still standing and July 13th is Nathan Bedford Forrest Day. Due to social pressure, the state is trying to overrule this, and Tennesseans might no longer have to stomach it. Fingers crossed.",9.47,6.6,10.2,79.09,2,9.74,6th and 7th grade
Fri Jun 12 20:07:57 +0000 2020,"Then we get to this monstrosity. Nathan Bedford Forrest was a brutal slave trader and the first grand wizard of the Ku Klux Klan who, during the Civil War, massacred dozens of black Union soldiers in Memphis.",8.82,8.1,9.7,69.62,2,9.05,9th and 10th grade
Fri Jun 12 20:07:56 +0000 2020,Replacing his statue is a waste of state funds and a waste of an opportunity to do the right thing.,7.0,8.7,7.4,68.1,1,5.63,11th and 12th grade
Fri Jun 12 20:07:56 +0000 2020,"FYI, he was a white supremacist newspaper editor who published pro lynching editorials and incited the arson of the office of Ida B. Wells who actually deserves a hero s statue for her pioneering work in journalism and civil rights .",9.76,12.3,11.3,42.72,2,10.27,10th and 11th grade
Fri Jun 12 20:07:54 +0000 2020,Edward Carmack s statue was sitting in the state Capitol until it was torn down last week in the protests. The state of Tennessee has vowed to replace it.,7.62,5.4,6.3,82.14,2,6.95,6th and 7th grade
Fri Jun 12 20:07:54 +0000 2020,"As a Tennessean, it makes me sick that there are monuments standing in our state that celebrate racist historical figures who did evil things. Edward Carmack and Nathan Bedford Forrest were DESPICABLE figures in our state history and should be treated as such.",9.11,10.5,13.2,58.11,2,11.72,13th and 14th grade
Tue Jun 09 19:09:57 +0000 2020,We need to fight for mail in voting for the 2020 election. No one should have to choose between their health and having their voice heard.,5.5,3.6,5.6,92.12,2,6.6,5th and 6th grade
Tue Jun 09 19:09:57 +0000 2020,This article written by is a fascinating read about changing policy at the state and local levels.,10.05,9.9,9.8,54.22,1,10.03,9th and 10th grade
Tue Jun 09 19:09:56 +0000 2020,"Racial injustice has been ingrained deeply into local and state governments, and changes MUST be made there. In order for policies to change, we need to elect people who will fight against police brutality and racism of any kind. BlackLivesMatter",7.39,8.7,13.0,68.1,2,12.18,11th and 12th grade
Fri May 29 15:33:41 +0000 2020,"After stoking the fires of white supremacy and racism your entire presidency, you have the nerve to feign moral superiority before threatening violence When the looting starts the shooting starts We will vote you out in November.",9.31,17.7,21.7,33.92,1,13.24,17th and 18th grade
Mon May 25 02:11:02 +0000 2020,VERY STOKED about this cover of lwymmd on by Jack leopards amp the dolphin club,7.54,5.6,6.5,81.63,1,7.24,5th and 6th grade
Tue May 19 20:31:11 +0000 2020,I personally really relate to this tweet.,8.5,9.6,5.6,38.99,1,8.24,8th and 9th grade
Mon May 18 19:58:45 +0000 2020,The City Of Lover concert is streaming on And the live songs are available now TaylorSwiftCityOfLover,8.38,8.4,11.9,63.7,1,13.63,7th and 8th grade
Mon May 18 03:10:13 +0000 2020,Addy I had to google YGG but a now I know what it means b YGG back c tell your mom hi she seems cool,1.87,6.0,5.4,96.86,1,0.65,5th and 6th grade
Mon May 18 03:04:52 +0000 2020,MY HEART,0.1,-3.1,-4.0,120.21,1,-10.31,-1th and 0th grade
Mon May 18 02:42:52 +0000 2020,THIS PIC IS SO AWW,0.25,-1.9,-5.8,117.16,1,-5.49,1st and 2nd grade
Mon May 18 02:35:30 +0000 2020,Thank you so much for everything you do and how hard you re working to keep us safe,5.41,5.6,4.9,87.05,1,3.71,5th and 6th grade
Mon May 18 02:25:31 +0000 2020,I m so sorry it s been hard and I m so touched and flattered that the show is making you smile,1.81,6.0,5.2,91.45,1,1.98,1st and 2nd grade
Mon May 18 02:17:47 +0000 2020,Aww thanks bud,0.15,-2.7,-1.2,119.19,1,-2.38,0th and 1st grade
Mon May 18 02:09:40 +0000 2020,Cute cute cute,0.15,-2.7,-1.2,119.19,1,-2.38,0th and 1st grade
Mon May 18 02:09:08 +0000 2020,YAY Glad you re watching,7.04,0.5,-0.2,100.24,1,1.48,1st and 2nd grade
Sun May 17 17:15:45 +0000 2020,Stoked to relive our Paris show tonight when the City of Lover concert airs at 10pm ET 9pm CT on then tomorrow on and It was the best album release party I could ve wished for love you guys,7.19,13.8,16.3,65.73,1,5.76,15th and 16th grade
Fri May 15 15:07:21 +0000 2020,City Of Lover Concert Airing this Sunday at 10p ET on and streaming the next day on and TaylorSwiftCityOfLover Dave Hogan,7.69,9.1,11.7,67.08,1,10.62,11th and 12th grade
Thu May 14 22:02:11 +0000 2020,when you re proud of your buns so you post them on the internet,5.46,2.9,2.4,99.57,1,2.83,2nd and 3rd grade
Mon May 11 01:58:56 +0000 2020,"PS for those of you who are separated from your loved ones or struggling with this day, my heart is with you",6.16,7.2,8.2,82.99,1,5.4,5th and 6th grade
Mon May 11 01:58:55 +0000 2020,My conversations with my mom have always been and will always be some of my favorite memories from when I was 10 months old in this video from Oct. 1990 to now talking every day on the phone. Our talks are everything to me. Myyyyyy goodness I love you Mom. Happy Mother s Day,5.18,5.0,4.7,83.15,4,5.56,4th and 5th grade
Fri May 08 12:47:13 +0000 2020,Excited to announce the City of Lover Concert We filmed my show in Paris in September and thought it d be fun to share it with you May 17 at 10p ET on and available the next day on and TaylorSwiftCityOfLover,7.21,15.7,18.2,55.24,1,7.21,15th and 16th grade
Thu May 07 21:25:42 +0000 2020,"I m absolutely devastated and horrified by the senseless, cold blooded, racially motivated killing of Ahmaud Arbery. JusticeForAhmaud",13.3,16.2,17.9,10.91,1,18.85,18th and 19th grade
Thu May 07 17:27:50 +0000 2020,biiig isolation,19.53,20.6,12.5,-49.0,1,10.0,12th and 13th grade
Sun May 03 21:41:43 +0000 2020,Oh I love this so much,0.3,-1.5,-5.2,116.15,1,-4.43,-1th and 0th grade
Mon Apr 27 21:08:40 +0000 2020,Not a lot going on at the moment,0.4,2.9,-2.8,88.74,1,-1.5,2nd and 3rd grade
Thu Apr 23 00:47:53 +0000 2020,Captain Olivia Benson off duty like,6.57,4.5,5.1,73.85,1,8.17,4th and 5th grade
Sat Apr 18 18:26:33 +0000 2020,heavenly,19.48,20.2,16.8,-47.99,1,1.0,0th and 1st grade
Fri Apr 17 17:00:09 +0000 2020,"I'm so sad I won't be able to see you guys in concert this year, but I know this is the right decision. Please, please stay healthy and safe. I ll see you on stage as soon as I can but right now what s important is committing to this quarantine, for the sake of all of us.",5.68,6.1,5.7,85.73,3,3.43,5th and 6th grade
Tue Apr 14 18:17:17 +0000 2020,Love this so much,0.2,-2.3,-3.0,118.18,1,-2.91,-1th and 0th grade
Fri Apr 10 18:18:54 +0000 2020,"It s National Siblings Day My brother is one of my best pals, and I m really proud of him because he s in a film that came out today called We Summon The Darkness which he co produced . Photo by Gigi. My facial expression by 3 glasses of wine. nationalsiblingsday",7.27,8.7,6.7,62.68,3,6.09,8th and 9th grade
Fri Mar 27 13:15:38 +0000 2020,My Women s History Month playlist is nostalgic comfort vibes by women I adore,5.46,7.6,7.1,65.73,1,8.63,7th and 8th grade
Fri Mar 20 18:01:43 +0000 2020,"While we re looking for things to do at home, I thought it d be fun to share behind the scenes of my dad s acting debut.",6.73,7.9,8.5,86.37,1,2.79,7th and 8th grade
Mon Mar 16 21:50:13 +0000 2020,"For Meredith, self quarantining is a way of life. Be like Meredith. QuarantineCats",7.6,4.6,7.2,73.34,2,9.63,7th and 8th grade
Tue Mar 10 12:52:08 +0000 2020,No one Absolutely no one Me here s more footage of behind the scenes of me directing The Man video with a female voice and demeanor dude body and face Just to make your day weirder,7.62,13.8,15.6,60.32,1,6.69,7th and 8th grade
Sat Mar 07 17:15:15 +0000 2020,"In honor of International Women s Day, I changed out my playlist to songs I m loving right now by female artists and bands. Let s all celebrate together by honoring the women in our lives and the women out there pushing things forward",6.88,9.5,10.0,66.07,2,7.66,9th and 10th grade
Fri Mar 06 13:19:20 +0000 2020,The Man Behind The Scenes Becoming The Man is out now Only took 5 hours in the makeup chair a little sprinkle of privilege dust,6.14,10.7,10.5,63.02,1,6.91,10th and 11th grade
Tue Mar 03 20:24:24 +0000 2020,My heart is with everyone in Tennessee who has been affected by the tornados. Sending you my love and prayers.,7.29,6.0,5.0,69.79,2,7.05,5th and 6th grade
Fri Feb 28 02:12:27 +0000 2020,Shout out to Rebecca Skinner for being the best executive producer a wo man could ask for. I can t believe I get to work with these legends. Having a little moment over here,6.52,5.3,3.6,76.93,3,5.08,5th and 6th grade
Fri Feb 28 02:12:26 +0000 2020,"More thank you s... Chancler Haynes is an editing extraordinaire. Stephen Galloway and Spenser Theberge were my movement coaches and taught me how to smoke, slouch, walk and act like a toxic bro. David Lebensfeld and Grant Miller aced that VFX magic.",7.54,3.8,7.3,86.2,4,9.02,5th and 6th grade
Fri Feb 28 00:11:18 +0000 2020,"Rodrigo Prieto, our DP cinematographer, is absolutely brilliant and down to earth and hilarious. Ethan Tobman created all those sets. Like, that wasn t a real yacht. That s how good he is.",7.88,5.3,5.0,71.51,4,6.86,4th and 5th grade
Fri Feb 28 00:11:18 +0000 2020,"I want to say a massive thank you to my main team in putting this whole thing together Jil Hardin, our producer, worked tirelessly and truly made me feel like I could do this. Joe Oz Osborne, our excellent AD, and I have worked together for years and he s the coolest.",6.44,9.9,11.2,70.47,2,6.56,6th and 7th grade
Thu Feb 27 23:02:01 +0000 2020,Between 4 6 hours in the make up chair every day with these geniuses. Thank you Bill Corso and all who worked so hard on this transformation,6.06,5.0,5.2,83.15,2,6.43,5th and 6th grade
Thu Feb 27 23:02:01 +0000 2020,"Alongside every great the man is a team of hardworking creatives who made this thing happen. Bill Corso amp his incredible team and I have worked together before, turning me into a zombie.. but convincing a significant amount of people I was a dude is our crowning achievement.",8.45,11.5,13.1,55.58,2,10.22,12th and 13th grade
Thu Feb 27 14:50:34 +0000 2020,"Dominic your reactions were SO good, when you were all you got this And jayden s all . I cackle every time I see it. Thanks so much for spending the day with me",6.1,2.9,2.2,94.15,3,3.34,2nd and 3rd grade
Thu Feb 27 14:48:34 +0000 2020,This post I appreciate you saying this so much. I had the best time hanging out amp talking on the tennis court with you Pennsylvania girls represent Gonna be cheering you on for everything you do,7.6,8.0,8.6,70.13,2,8.18,7th and 8th grade
Thu Feb 27 14:46:32 +0000 2020,Every time I see you in the video I just GRIN because you were so good and so awesome to be around. Thank you SO much for being a part of it,1.29,3.6,2.6,97.54,2,2.03,2nd and 3rd grade
Thu Feb 27 14:23:26 +0000 2020,My dad making his acting debut as unimpressed umpire is a memory I ll always cherish. Thank you to the entire cast and crew for helping me become the man I always knew I could be,8.04,8.0,6.3,70.13,2,5.28,7th and 8th grade
Thu Feb 27 14:23:03 +0000 2020,it s so cool to have you be a part of this Thank you and for your amazing and hilarious reactions and your eye roll really was aStOnIsHiNg,7.28,11.8,11.2,59.98,1,5.98,11th and 12th grade
Thu Feb 27 14:22:18 +0000 2020,Just sitting here pondering how happy I am that The Man music video is OUT. I want to say thank you to so many people Gotta thank for voicing The Man and for being so supportive of my music for years and now my directorial debut,6.84,9.9,8.8,65.05,2,5.98,8th and 9th grade
Thu Feb 27 12:07:41 +0000 2020,Man down. After a massive mantrum. TheManMusicVideo is out now,7.04,4.1,6.0,74.86,2,7.86,5th and 6th grade
Thu Feb 27 10:38:56 +0000 2020,"One small step for the man, one giant leap for TheManMusicVideo...1.5 hours to go I m counting down with you on the premiere page",6.8,9.1,11.4,72.5,1,7.43,6th and 7th grade
Wed Feb 26 13:03:16 +0000 2020,Oh man...music video tomorrow at 7 A.M. EST And I m going to be chatting answering your questions mansplaining the video on YouTube starting an hour before at 6 A.M. EST,6.95,7.0,7.4,72.66,2,7.13,6th and 7th grade
Tue Feb 25 21:15:58 +0000 2020,There are 19 hands in the hallway ... but only 2 days until The Man Music Video,5.42,6.0,5.1,80.62,1,4.17,5th and 6th grade
Tue Feb 18 05:24:04 +0000 2020,The Man Live From Paris is out now,0.4,-0.8,-1.6,114.12,1,-0.05,-1th and 0th grade
Mon Feb 17 15:10:57 +0000 2020,The Man Live From Paris Song video tonight at Midnight ET,0.55,1.7,4.2,102.61,1,6.3,4th and 5th grade
Thu Feb 13 23:32:29 +0000 2020,"It was excellent meeting you and this is so nice of you to say. See you at Glasto, new friend",5.71,2.5,1.0,95.17,2,2.12,5th and 6th grade
Thu Feb 13 22:58:33 +0000 2020,I enjoy nights in Brixton but especially when they re like last night Met amp who are amazing. Got to tell she s the melody queen of my musical heart amp got to take another middle finger trophy home to the felines.,6.93,7.9,8.6,75.54,2,6.5,6th and 7th grade
Fri Feb 07 17:09:41 +0000 2020,TheManLyricVideo is out now,7.78,3.7,8.8,75.88,1,11.6,11th and 12th grade
Thu Feb 06 22:16:59 +0000 2020,TheManLyricVideo out tomorrow at Noon EST,6.57,6.8,9.8,56.93,1,13.97,6th and 7th grade
Thu Feb 06 17:05:36 +0000 2020,"It s an honor to get to work with such an incredible team, especially when it comes to my favorite thing in the world songwriting. amp swipe photos to see one of my other fav things a fluffy floofy cat.",7.2,15.4,17.8,56.26,1,6.51,6th and 7th grade
Thu Feb 06 17:05:35 +0000 2020,Jody is an advocate for women s empowerment and one of the most respected and accomplished industry leaders. Troy Tomlinson has been an amazing part of my team for over half my life and a passionate torchbearer for songwriters.,9.06,10.9,11.2,51.68,2,10.5,10th and 11th grade
Thu Feb 06 17:05:35 +0000 2020,"I m proud to extend my partnership with Lucian Grainge and the Universal Music family by signing with Universal Music Publishing Group, and for the opportunity to work with Jody Gerson, the first woman to run a major music publishing company.",8.75,20.5,22.3,21.4,1,11.74,20th and 21st grade
Fri Jan 31 13:06:31 +0000 2020,MissAmericana is on I m excited for you to see it. I want to thank Lana Wilson for her curiosity amp for wanting to make this film. It s wild to be sharing so much of my life because it s scary to be vulnerable understatement of the century,7.02,7.3,5.2,71.85,3,4.93,10th and 11th grade
Thu Jan 30 02:53:46 +0000 2020,For a limited time MissAmericana will be playing in select theaters tickets available at And stream it globally on January 31,9.94,12.7,12.6,41.7,1,11.72,12th and 13th grade
Mon Jan 27 19:23:42 +0000 2020,Sundance was as snowy and fun as this photo shoot foreshadowed Thank you so much for this cover interview and Mary Ellen Matthews for taking these pics. Can t wait for Jan 31 when MissAmericana comes out on,6.66,7.2,9.0,77.57,2,8.36,6th and 7th grade
Sun Jan 26 21:29:18 +0000 2020,"My heart is in pieces hearing the news of this unimaginable tragedy. I can t fathom what the families are going through. Kobe meant so much to me and to us all. Sending my prayers, love, and endless condolences to Vanessa and the family and anyone who lost someone on that flight.",6.41,4.8,5.8,83.66,4,6.71,6th and 7th grade
Wed Jan 22 15:38:14 +0000 2020,Miss Americana Official Trailer It s been a long time coming Out in select theaters and on January 31,7.9,9.5,8.7,60.65,1,8.07,7th and 8th grade
Wed Jan 15 22:23:28 +0000 2020,Miss Americana January 31 on,7.04,7.6,3.7,49.48,1,6.12,3rd and 4th grade
Tue Dec 24 17:04:30 +0000 2019,Absolutely loved reliving the making of Lover Diary of a Song with,8.18,8.0,6.1,59.3,1,8.4,7th and 8th grade
Mon Dec 23 14:07:20 +0000 2019,The Making of ChristmasTreeFarm 24 hours and a lot of xmas spirit,5.55,5.6,5.8,76.22,1,7.93,5th and 6th grade
Wed Dec 18 15:46:12 +0000 2019,Walked into the studio to a surprise birthday party from these two amp Laura Sisk it s equally wild and cozy to think it was the three of us in a room making a song called Lover here last year.,6.8,14.2,16.7,64.72,1,5.53,-1th and 0th grade
Tue Dec 17 04:14:01 +0000 2019,"Claws out, kitties.",9.05,0.9,6.8,93.81,1,3.43,0th and 1st grade
Mon Dec 16 18:11:39 +0000 2019,How To Be A Cat Go see CatsMovie in theaters December 20 if you re feline up for it,6.24,6.0,4.2,86.03,1,2.56,5th and 6th grade
Sun Dec 15 16:59:17 +0000 2019,I m ecstatic to tell you that I ll be headlining Glastonbury on its 50th anniversary See you there,7.9,8.3,7.9,69.11,1,7.14,7th and 8th grade
Sat Dec 14 17:09:54 +0000 2019,"Honestly spending my 30th with the fans who have made my life what it is at jingle ball, then throwing the most aggressive holiday party known to womankind... I just.. seriously feel so lucky and will spend forever trying to find ways to say thank you. cries in Christmas tree",7.72,10.7,12.5,63.02,2,8.54,7th and 8th grade
Sat Dec 14 16:48:10 +0000 2019,Happy birthday but make it santa,6.57,4.5,2.8,73.85,1,5.27,4th and 5th grade
Sat Dec 14 16:10:01 +0000 2019,Fur real guys this was my cake,0.35,0.1,-1.9,106.67,1,-0.06,-1th and 0th grade
Fri Dec 13 05:08:28 +0000 2019,WHO S GONNA TELL HER SHE S THIRTAY NOW,5.84,0.9,-1.3,104.64,1,0.26,3rd and 4th grade
Wed Dec 11 22:56:24 +0000 2019,"When you re pretttttty sure that if you were a man, you d be the man Sami Drasin",6.28,4.4,4.1,95.51,1,2.38,4th and 5th grade
Wed Dec 11 21:58:25 +0000 2019,If it don t fits I still sits small wooden box edition Sami Drasin,6.59,4.0,3.4,91.11,1,4.11,3rd and 4th grade
Wed Dec 11 21:33:40 +0000 2019,HEY THANKS it was a whole entire party chatting with and Sami Drasin killed it with these photos Thank you so much for this honor.,7.4,8.3,11.0,79.94,1,7.38,7th and 8th grade
Tue Dec 10 17:44:51 +0000 2019,Miller Mobley,11.63,2.9,7.8,77.91,1,4.2,-1th and 0th grade
Tue Dec 10 14:36:42 +0000 2019,"Throwback to my first day on the set of Basically, Bombalurina is one of those really mischievous cats you see in internet videos who has figured out how to open human doors",8.68,13.4,15.5,55.92,1,8.89,8th and 9th grade
Mon Dec 09 14:45:29 +0000 2019,"I ended up spending many days on set watching the other performers do their scenes. Watching the character Victoria, played by Frankie Hayward inspired me so much and Beautiful Ghosts was the result. Congrats to my co writer and buddy 4 life This is just purrfect",8.86,6.9,8.6,72.87,3,9.21,8th and 9th grade
Mon Dec 09 14:45:28 +0000 2019,"I woke up today to the news that Beautiful Ghosts is nominated for a Golden Globe it s so cool that one of the most fun, fulfilling creative experiences I ve ever had is being honored in this way by the HFPA.",7.98,17.3,18.3,45.77,1,6.4,17th and 18th grade
Fri Dec 06 20:01:53 +0000 2019,Here we are on said Xmas tree farm. And I just want to say that my parents are the real 90 s fashion icons. I have spoken.,5.25,0.9,-0.3,104.64,3,0.9,3rd and 4th grade
Fri Dec 06 18:27:07 +0000 2019,Time to get Spoti festive,7.04,0.5,0.9,100.24,1,2.64,0th and 1st grade
Fri Dec 06 18:21:37 +0000 2019,"Yes. Indeed. Every time you add this song, somewhere a cat wearing a Santa hat smiles.",6.4,6.0,7.5,80.62,1,6.73,6th and 7th grade
Fri Dec 06 18:18:29 +0000 2019,All I want 4 Christmas is to be that voice you hear faintly in the distance in the mall engulfed in jingly jingle bells,8.12,9.1,9.4,72.5,1,6.22,9th and 10th grade
Fri Dec 06 18:13:47 +0000 2019,"It s rumored that if you say Alexa, play the new Taylor Swift on out loud, it will make Santa like you more.",6.84,6.4,7.7,90.43,1,3.95,6th and 7th grade
Fri Dec 06 05:08:48 +0000 2019,"I actually did grow up on a Christmas tree farm. In a gingerbread house, deep within the yummy gummy gumdrop forest. Where, funnily enough, this song is their national anthem. ChristmasTreeFarm song and video out now",8.03,5.6,6.8,70.8,4,9.13,6th and 7th grade
Thu Dec 05 13:18:23 +0000 2019,"When in doubt, ask the itty bitty pretty kitty committee. When they shun you with silence, ambivalence, and judgmental brush offs... just put the song out anyway. NEW XMAS SONG AND VIDEO made from home videos OUT TONIGHT ChristmasTreeFarm",6.71,6.0,9.2,75.2,3,10.37,6th and 7th grade
Wed Dec 04 17:58:27 +0000 2019,Sock Appreciation Post,9.05,12.7,11.5,9.21,1,13.12,12th and 13th grade
Wed Dec 04 15:19:17 +0000 2019,Thank you and Miller Mobley,7.04,0.5,2.7,100.24,1,4.96,1st and 2nd grade
Sun Dec 01 17:24:39 +0000 2019,This is the one face I made that day,0.45,-0.4,-2.4,113.1,1,-1.03,-1th and 0th grade
Sun Dec 01 17:18:29 +0000 2019,Bored girl at the holiday party.,0.3,4.5,2.8,73.85,1,4.28,2nd and 3rd grade
Sun Dec 01 17:05:25 +0000 2019,"HEY It s always a dreamscape of creativity amp hilarity working with but putting him together with the funniest wildest shoot I ve been on Love this team, so grateful for everyone involved Craig McDean,",8.08,15.8,18.7,44.41,1,10.8,10th and 11th grade
Tue Nov 26 05:22:34 +0000 2019,"So excited to release the new version of Lover, the First Dance Remix based on the arrangement of the AMAs performance",7.69,9.1,11.1,67.08,1,9.52,9th and 10th grade
Mon Nov 25 07:52:34 +0000 2019,I was up there because of you and I know that every minute of every day photo by Kevin Winter,1.78,7.6,6.0,76.56,1,4.18,7th and 8th grade
Mon Nov 25 07:27:46 +0000 2019,Hi guys have I told you lately that I LOVE YOU,5.62,1.7,-0.6,102.61,1,0.5,-1th and 0th grade
Sat Nov 23 03:28:19 +0000 2019,This just made me SO emotional. I can t tell you how honored I am that my song has been even a small part in your journey. You did the brave thing and stood up for your truth,5.1,2.3,1.9,100.88,3,2.42,5th and 6th grade
Fri Nov 22 23:10:09 +0000 2019,The lyric video for the Lover remix is here and she s wintery cute check her out,5.41,4.0,4.8,96.52,1,4.23,4th and 5th grade
Thu Nov 14 23:35:53 +0000 2019,Don t know what else to do,0.35,-1.2,-4.6,115.13,1,-3.37,2nd and 3rd grade
Thu Nov 14 13:17:43 +0000 2019,Beautiful Ghosts out tomorrow at 12 01 a.m. EST,0.45,4.4,3.5,79.26,1,4.78,3rd and 4th grade
Wed Nov 13 12:13:40 +0000 2019,Well guys it finally happened WE DID A COLLABORASHAWN. Sending out a whole entire THANKS BUDDY to rn I m so stoked that our remix of Lover is out NOW,7.01,5.6,4.9,81.63,2,5.15,5th and 6th grade
Tue Nov 12 16:07:10 +0000 2019,According to my jet lag it is one hundred o clock celsius.,6.86,4.4,3.0,84.68,1,4.05,5th and 6th grade
Mon Nov 11 14:01:08 +0000 2019,Dressing room is lit,7.78,1.3,0.6,92.8,1,1.45,0th and 1st grade
Sun Nov 10 17:47:35 +0000 2019,"If it don t fits, I still sits.",0.4,-0.8,-3.4,114.12,1,-3.71,-1th and 0th grade
Sat Nov 09 03:35:59 +0000 2019,pretty city,0.1,2.9,3.1,77.91,1,-1.61,-1th and 0th grade
Thu Nov 07 13:04:03 +0000 2019,Earring said SMILE but I stay smirking.,8.5,2.5,4.3,89.75,1,6.56,2nd and 3rd grade
Thu Nov 07 03:12:36 +0000 2019,Ya could I get these to go,0.35,-1.2,-4.6,115.13,1,-3.37,2nd and 3rd grade
Thu Nov 07 02:01:05 +0000 2019,CONGRATULATIONS,19.48,43.8,49.7,-217.19,1,41.6,43rd and 44th grade
Thu Nov 07 00:21:45 +0000 2019,Tokyo is for Lovers Kayoko Yamamoto,6.57,2.1,5.1,90.77,1,8.17,2nd and 3rd grade
Wed Nov 06 22:04:44 +0000 2019,S O to all the moms whose adult daughters ask them to take a pic in a hotel hallway bc they re feeling their outfit you re the real mvps,6.7,10.3,10.4,74.87,1,4.02,6th and 7th grade
Wed Nov 06 06:12:16 +0000 2019,Have arrived in the land of cat cafes and eternal cuteness TOKYO HI I m off to stare into pastel aquariums and hug all the people CAN T WAIT TO SEE YOU GUYS LATER,7.64,13.0,13.4,62.35,1,5.29,12th and 13th grade
Wed Nov 06 00:38:24 +0000 2019,You heard it here first Watch us on at 8 7c tonight,0.6,0.9,0.3,110.06,1,1.15,0th and 1st grade
Mon Nov 04 22:36:00 +0000 2019,Playing with filters and yelling with the Legend himself. Tune in to tonight at 8 7c,6.99,2.9,2.9,88.74,2,5.0,2nd and 3rd grade
Wed Oct 30 18:36:13 +0000 2019,"We talked emo bands, favorite lyricists hey amp zingers, and soooo much more. Full interview with is live on",5.77,2.3,5.6,95.67,2,7.51,5th and 6th grade
Tue Oct 29 22:35:10 +0000 2019,Catch us on tonight at 8 7c,0.35,-1.2,-3.9,115.13,1,-2.55,2nd and 3rd grade
Tue Oct 29 18:47:47 +0000 2019,"Hug your cat today. Or don t, if your cat hates hugs. But anyway. Happy NationalCatDay from me, Olivia, Meredith, and Benjamin.",6.15,3.8,4.9,80.99,3,5.87,5th and 6th grade
Mon Oct 28 21:39:52 +0000 2019,I was promised Lively But Shelton is cool too. SO excited to be on with tonight at 8 7c,4.94,2.3,0.4,95.67,2,1.71,4th and 5th grade
Fri Oct 25 19:30:01 +0000 2019,Talked with about my original song for the film Beautiful Ghosts Watch the clip now but we talked about a lot more than that so listen to our full conversation coming next Wednesday on,6.25,13.0,16.5,62.35,1,9.06,12th and 13th grade
Fri Oct 25 00:26:11 +0000 2019,I was so excited when asked me to write an original song with him for Beautiful Ghosts is performed in the film by the extraordinary Francesca Hayward who plays Victoria amp reprised by Dame Judi Dench who plays Old Deuteronomy Coming soon,8.35,17.3,21.8,45.77,1,10.93,10th and 11th grade
Thu Oct 24 23:02:19 +0000 2019,Because it is.,0.15,0.9,-1.2,93.81,1,-4.29,0th and 1st grade
Thu Oct 24 19:40:51 +0000 2019,"Because of you, there was a 2nd 3rd 4th 5th 6th and 7th album. You guys made me into a headliner because you wanted to see me play. And your support all these years is what s helped me stay true to that kid I was when I started out. 13YearsOfTaylor",6.34,6.4,5.3,79.6,3,4.46,7th and 8th grade
Thu Oct 24 19:40:51 +0000 2019,"I said in an interview 13 years ago I'm just hoping that I have a second album that does as well as the first amp someday get to be a headliner, amp always be the same person that I started out as. Scrolling through your posts has me feeling all the feelings amp I want to thank you.",7.25,9.9,11.4,75.88,2,5.53,9th and 10th grade
Wed Oct 23 21:39:11 +0000 2019,Be sure to watch next week,0.3,-1.5,-2.0,116.15,1,-0.54,-1th and 0th grade
Fri Oct 11 16:26:12 +0000 2019,"Tiny desk, BIG mood. Thank you for that awesome experience, I can t wait to relive it when tinydesk comes out",7.16,3.8,3.8,86.2,2,5.02,3rd and 4th grade
Tue Oct 08 20:47:04 +0000 2019,Mary Ellen Matthews,0.15,-2.7,6.8,119.19,1,7.32,0th and 1st grade
Mon Oct 07 16:34:07 +0000 2019,"Had the best time playing Lover on exactly the way I wrote it, on piano in a quiet moment. A huge thank you to Lenny Pickett for playing on False God Phoebe was excellent as host amp Mary Ellen Matthews is always awesome to work with. Make sure to watch Camila next week",6.3,5.5,6.8,87.35,3,5.97,5th and 6th grade
Sat Sep 21 13:49:12 +0000 2019,Threw out our cloaks and our daggers because it s morning now.. Erik Madigan Heck,6.11,2.7,3.4,89.24,2,5.47,2nd and 3rd grade
Wed Sep 18 18:25:09 +0000 2019,"It s blue, the feeling I got Erik Madigan Heck",7.29,2.5,1.0,95.17,1,2.12,3rd and 4th grade
Wed Sep 18 14:38:20 +0000 2019,"It s golden, like daylight Erik Madigan Heck",7.98,4.1,4.4,80.28,1,6.45,3rd and 4th grade
Wed Sep 18 12:30:39 +0000 2019,"I hadn t done a cover in 5 years, and hadn t seen since I got in 2 car crashes while driving him around during our interview in 2012. There were no cars driven this time, but we had a lot to catch up on. Erik Madigan Heck",5.75,4.8,3.7,89.08,3,2.96,5th and 6th grade
Tue Sep 17 14:29:05 +0000 2019,"The Lover album is open fields, sunsets, SUMMER. I want to perform it in a way that feels authentic. I want to go to some places I haven t been and play festivals. Where we didn t have festivals, we made some. Introducing, Lover Fest East West",6.12,3.4,3.0,87.31,5,4.26,2nd and 3rd grade
Mon Sep 09 22:28:58 +0000 2019,"Got to play some new songs from Lover acoustic tonight, this was such an awesome way to celebrate this album finally being out in the world",7.36,9.9,12.2,70.47,1,8.25,11th and 12th grade
Mon Sep 09 22:21:36 +0000 2019,Tonight in Paris Thank you to everyone who flew from all over the world to be at the City of Lover Concert,1.81,6.0,7.8,91.45,1,5.11,5th and 6th grade
Sun Sep 01 18:06:19 +0000 2019,MY HEART EXPLODED INTO CONFETTI HEARTS THANK YOU,7.98,6.4,6.7,63.36,1,10.11,6th and 7th grade
Fri Aug 30 16:15:41 +0000 2019,Listen to Lover on the AListPop playlist,6.24,3.7,5.0,81.29,1,8.24,3rd and 4th grade
Thu Aug 29 20:59:08 +0000 2019,"Been sleeping so long in a twenty year dark night, but now I see daylight.",6.49,4.4,4.9,90.09,1,4.57,4th and 5th grade
Thu Aug 29 20:53:36 +0000 2019,It s nice to have a friend,0.35,-1.2,-4.6,115.13,1,-3.37,2nd and 3rd grade
Thu Aug 29 20:49:04 +0000 2019,I could never look away,0.25,0.5,-1.1,100.24,1,0.32,0th and 1st grade
Thu Aug 29 20:41:51 +0000 2019,Meet me in the afterglow,7.04,2.9,-0.2,83.32,1,1.48,2nd and 3rd grade
Thu Aug 29 20:38:33 +0000 2019,"I counted days, I counted miles...to see you there.",5.84,2.1,5.6,96.18,1,5.42,5th and 6th grade
Thu Aug 29 20:33:27 +0000 2019,And I ll never let you GO cause I know this is a FIGHT that someday we re gonna WIN,1.78,5.2,3.6,93.48,1,1.28,1st and 2nd grade
Thu Aug 29 16:55:40 +0000 2019,Like a Tennessee Stella McCartney The full StellaxTaylorSwift line is available until midnight eastern tonight,9.64,12.7,16.2,30.87,1,19.25,12th and 13th grade
Wed Aug 28 20:52:00 +0000 2019,I can still see it all in my mind,0.45,-0.4,-3.9,113.1,1,-2.94,-1th and 0th grade
Wed Aug 28 20:44:43 +0000 2019,I look through the windows of this love,6.01,0.5,1.4,105.66,1,3.55,0th and 1st grade
Wed Aug 28 20:34:05 +0000 2019,This love is worth the fight,0.3,-1.5,-0.5,116.15,1,1.38,-1th and 0th grade
Wed Aug 28 20:24:34 +0000 2019,"We were a fresh page on the desk, filling in the blanks as we go",5.43,3.2,1.8,98.55,1,1.09,1st and 2nd grade
Wed Aug 28 20:17:28 +0000 2019,It s been a long time coming but...,0.4,0.5,-1.0,105.66,1,-1.5,0th and 1st grade
Wed Aug 28 20:09:00 +0000 2019,Things will never be the same,0.3,0.9,0.4,99.23,1,2.37,0th and 1st grade
Wed Aug 28 17:40:47 +0000 2019,"Thank you It s the nicest feeling when someone sees your intention, so glad you like the journals",7.16,6.8,8.5,78.59,1,7.89,8th and 9th grade
Wed Aug 28 16:41:31 +0000 2019,"Taylor Swift s diary entries are a must read companion to Lover was a thing The New York Times said so here s where you can get them, I mean they literally said you must read them so...",7.6,13.4,15.9,66.75,1,5.29,7th and 8th grade
Tue Aug 27 22:59:13 +0000 2019,Thank you,0.1,-3.1,-1.7,120.21,1,-7.41,-1th and 0th grade
Tue Aug 27 22:40:03 +0000 2019,Thank you,0.1,-3.1,-1.7,120.21,1,-7.41,-1th and 0th grade
Tue Aug 27 22:37:15 +0000 2019,Thank you,0.1,-3.1,-1.7,120.21,1,-7.41,-1th and 0th grade
Tue Aug 27 21:26:16 +0000 2019,"There s a dazzling haze, a mysterious way about you dear...",7.05,5.2,5.0,77.23,1,5.26,4th and 5th grade
Tue Aug 27 20:58:20 +0000 2019,"It s you and me, there s nothing like this",0.5,1.3,-1.0,103.63,1,-0.21,3rd and 4th grade
Tue Aug 27 20:50:44 +0000 2019,"I once believed love would be burning red, but it s golden",6.86,4.4,3.0,84.68,1,4.05,4th and 5th grade
Tue Aug 27 20:44:20 +0000 2019,Threw out our cloaks and our daggers because it s morning now.,5.55,4.4,4.6,84.68,1,6.02,4th and 5th grade
Tue Aug 27 20:38:06 +0000 2019,They say the road gets hard and you get lost when you re led by blind faith..But we might just get away with it,1.19,5.6,7.9,97.88,1,3.78,5th and 6th grade
Tue Aug 27 20:33:49 +0000 2019,"We bless the rains on Cornelia Street, memorize the creaks in the floor",6.71,3.6,6.5,92.12,1,7.7,6th and 7th grade
Tue Aug 27 20:16:33 +0000 2019,"Thank you to the fans who voted, our excellent cast, , and everyone who worked so hard on the You Need to Calm Down video. Video of the Year I MEAN JUST WOW GUYS YOU DID THAT HUH",5.41,5.8,5.8,86.54,2,4.18,5th and 6th grade
Mon Aug 26 20:28:16 +0000 2019,"I ll tell you the truth, but never goodbye",0.45,2.1,0.9,96.18,1,2.23,3rd and 4th grade
Mon Aug 26 20:16:53 +0000 2019,"And I hope I never lose you, hope it never ends",0.55,2.9,-0.2,94.15,1,0.5,4th and 5th grade
Mon Aug 26 20:06:57 +0000 2019,"Lost my gloves, you give me one. Wanna hang out Yeah, sounds like fun",5.11,0.1,0.9,106.67,2,2.04,2nd and 3rd grade
Mon Aug 26 19:59:11 +0000 2019,This ultraviolet morning light below tells me this love is worth the fight,5.5,7.2,7.5,66.74,1,9.5,7th and 8th grade
Mon Aug 26 19:59:11 +0000 2019,This ultraviolet morning light below tells me this love is worth the fight,5.5,7.2,7.5,66.74,1,9.5,7th and 8th grade
Mon Aug 26 19:50:55 +0000 2019,Just wanna lift you up and not let you go,5.71,1.3,-1.5,103.63,1,-0.21,3rd and 4th grade
Mon Aug 26 19:43:06 +0000 2019,"Barefoot in the kitchen, sacred new beginnings that became my religion. Listen.",8.18,9.2,11.3,50.84,1,13.27,8th and 9th grade
Mon Aug 26 17:31:40 +0000 2019,"Ever since I saw Fleabag, I ve been all I can t wait to see this woman host and it s happening now I get to be there too I am in shambles. Oct 5th",6.27,11.0,11.1,78.25,1,1.52,10th and 11th grade
Sun Aug 25 21:03:39 +0000 2019,I think we all know how I feel about sequins New pieces are being added to the online store every day so keep checking back,6.77,8.3,9.7,79.94,1,5.98,9th and 10th grade
Sun Aug 25 19:47:11 +0000 2019,I get mystified by how this city screams your name.,5.71,2.5,3.4,95.17,1,5.02,4th and 5th grade
Sun Aug 25 19:38:14 +0000 2019,I m crazier for you than I was at sixteen.,5.71,2.5,-1.0,95.17,1,-0.21,3rd and 4th grade
Sun Aug 25 19:33:03 +0000 2019,"I want to drive away with you, I want your complications too",5.55,4.4,3.8,84.68,1,5.03,5th and 6th grade
Sun Aug 25 19:25:09 +0000 2019,I m with you even if it makes me blue,0.5,0.1,-3.3,112.09,1,-2.53,3rd and 4th grade
Sun Aug 25 19:15:08 +0000 2019,"Honey without all the exes fights and flaws, we wouldn t be standing here so tall.",6.4,6.0,6.3,80.62,1,5.97,5th and 6th grade
Sun Aug 25 19:06:21 +0000 2019,You know I adore you,0.25,-1.9,-4.0,117.16,1,-3.17,1st and 2nd grade
Sat Aug 24 22:58:16 +0000 2019,Stopped by the NYC pop up shop to celebrate Lover with the people who have made this week so insanely fun. Shout out to for making the shop so NICE Love you guys so much EVERYONE LOOKS SO CUTE IN THEIR STELLAxTS MERCH,5.8,7.0,8.5,83.49,2,6.21,5th and 6th grade
Sat Aug 24 20:47:14 +0000 2019,"I scream For whatever it s worth, I LOVE YOU AINT THAT THE WORST THING YOU EVER HEARD",5.41,5.6,5.4,87.05,1,4.0,5th and 6th grade
Sat Aug 24 20:34:18 +0000 2019,"Shiny toy with a price, you know that I bought it",0.55,0.5,0.8,111.07,1,1.55,0th and 1st grade
Sat Aug 24 20:26:29 +0000 2019,"We could follow the sparks, I ll drive",0.4,0.5,0.8,105.66,1,2.1,0th and 1st grade
Sat Aug 24 20:20:44 +0000 2019,Good ones never wait,0.2,1.3,0.6,92.8,1,1.45,0th and 1st grade
Sat Aug 24 20:15:21 +0000 2019,Who could stay You could stay.,0.3,-1.5,1.2,116.15,1,2.37,1st and 2nd grade
Sat Aug 24 20:09:52 +0000 2019,"This is our place, we make the rules.",0.4,-0.8,0.2,114.12,1,0.65,-1th and 0th grade
Sat Aug 24 20:05:36 +0000 2019,"Fever dream high in the quiet of the night, you know that I caught it...",0.74,3.2,4.3,98.55,1,3.01,3rd and 4th grade
Sat Aug 24 19:18:25 +0000 2019,I think the fishbowl scene is my favorite metaphor in the Lover video. And guys.. I ve performed on stage with Christian Owens for years. He s unbelievably talented and it was so amazing to have him in the Lover music video,6.59,5.2,6.0,82.65,3,6.72,6th and 7th grade
Sat Aug 24 02:09:55 +0000 2019,Had to go see the mural in person and it turns out she s GLORIOUS. Thank you it s been an honor revealing new lyrics with you all week,5.99,4.2,3.1,90.6,2,3.12,3rd and 4th grade
Fri Aug 23 21:35:36 +0000 2019,CONFIRMED.,19.48,8.4,26.2,36.62,1,6.8,-1th and 0th grade
Fri Aug 23 20:18:51 +0000 2019,WHAT IS LIFE EVEN,0.2,-2.3,-3.0,118.18,1,-2.91,-1th and 0th grade
Fri Aug 23 19:50:07 +0000 2019,"And I snuck in through the garden gate, every night that summer just to seal my fate Stream Lover on",0.99,6.4,7.6,85.02,1,5.92,5th and 6th grade
Fri Aug 23 13:41:53 +0000 2019,Listen to The Man on NewMusicDaily playlist,6.24,7.2,7.0,55.91,1,10.74,6th and 7th grade
Fri Aug 23 04:05:22 +0000 2019,"This album is very much a celebration of love, in all its complexity, coziness, and chaos. It s the first album of mine that I ve ever owned, and I couldn t be more proud. I m so excited that Lover is out NOW",5.8,5.5,3.6,81.93,3,3.07,5th and 6th grade
Fri Aug 23 03:31:04 +0000 2019,Lover out in 30 minutes,7.04,0.5,-1.1,100.24,1,0.32,1st and 2nd grade
Thu Aug 22 21:49:35 +0000 2019,"And so it goes, you two are dancing in a snow globe round and round... The Lover music video is out now",0.55,1.7,1.6,102.61,2,2.13,1st and 2nd grade
Thu Aug 22 15:45:38 +0000 2019,A fun thing is happening Learn how to remix You Need to Calm Down in select Apple Stores at the todayatapple Music Lab.,6.15,9.9,9.9,65.05,1,7.2,9th and 10th grade
Wed Aug 21 00:22:18 +0000 2019,3 days until Lover Pre add it on,0.4,0.5,-2.8,105.66,1,-1.5,0th and 1st grade
Tue Aug 20 19:47:32 +0000 2019,StellaxTaylorSwift It s been SO fun to dream up cute stuff with to create a line inspired by my new album. Can t wait to show you what we've been working on at the Live on 8 22 at 5p ET More info at,6.88,7.2,6.1,82.99,2,2.9,6th and 7th grade
Tue Aug 20 13:30:08 +0000 2019,Sharing some never before heard lyrics from the new album every day some of my favorite love songs on the Lover Enhanced Album playlist on,6.77,9.5,12.5,71.48,1,9.46,9th and 10th grade
Mon Aug 19 16:53:42 +0000 2019,what color lips would you like for this commercial Me yes,5.62,4.0,4.2,85.69,1,6.3,5th and 6th grade
Sun Aug 18 16:00:05 +0000 2019,Okay NOW there are five holes in the fence,0.45,-0.4,0.9,113.1,1,2.87,-1th and 0th grade
Sat Aug 17 18:08:45 +0000 2019,Grinning at this tweet And always in awe of your music,5.62,4.0,2.9,85.69,1,4.74,4th and 5th grade
Sat Aug 17 18:07:12 +0000 2019,ARE YOU KIDDING ME THIS IS THE NICEST THING ANYONE HAS EVER SAID you re just the best and so kind to say this,1.85,6.8,7.4,89.42,1,3.78,6th and 7th grade
Fri Aug 16 19:34:47 +0000 2019,"Lover Friday, August 23. Pre add, pre save, pre order",0.25,1.7,1.8,91.78,2,1.48,1st and 2nd grade
Fri Aug 16 18:38:32 +0000 2019,There s a dazzling haze...,7.04,0.5,1.8,100.24,1,0.32,1st and 2nd grade
Fri Aug 16 04:30:22 +0000 2019,Have I known you 20 seconds or 20 years,5.84,0.9,-0.8,104.64,1,0.9,0th and 1st grade
Thu Aug 15 18:14:02 +0000 2019,New song Lover is out tonight at midnight eastern The music video will premiere after a very exciting Live situation on August 22 at 5pm eastern,6.14,12.3,13.1,53.55,1,9.58,11th and 12th grade
Mon Aug 12 03:04:06 +0000 2019,The thirteens really jumped out.,7.04,5.2,7.4,66.4,1,9.6,7th and 8th grade
Sun Aug 11 21:28:43 +0000 2019,Threw a party to celebrate with the people who made the ME amp YNTCD videos with me and we had so much fun that Drunk Taylor is trending on Twitter. CHEERS.,7.21,10.7,13.2,73.85,1,6.51,6th and 7th grade
Fri Aug 09 02:52:34 +0000 2019,Can t stop won t stop twinning with Paddington.,7.59,2.1,3.5,96.18,1,5.42,3rd and 4th grade
Thu Aug 08 23:10:25 +0000 2019,I d be a fearless leader. I d be an alpha type.,6.57,2.1,-4.4,90.77,2,-4.43,1st and 2nd grade
Thu Aug 08 15:07:00 +0000 2019,"Wanted to thank for writing such a thoughtful piece and for diving into my pastel cryptic world of hints, Easter eggs, and numerology. We also talked about sexism, equality, and all things Lover. I ate an entire cheese plate by myself. On stands soon ish.",7.71,5.3,6.3,76.93,4,7.69,7th and 8th grade
Thu Aug 08 14:08:28 +0000 2019,"My heart s been borrowed and yours has been blue. All s well that ends well, to end up with you.",1.27,0.3,0.9,111.58,2,1.42,0th and 1st grade
Thu Aug 08 13:11:22 +0000 2019,"WELL SO THIS IS A THING THAT S HAPPENING. September issue of and I m so so so grateful to Anna, Tonne Goodman, Sergio Kletnoy and basically anyone who was like yeah she can be on the Sept issue cover . What an amazing experience shooting with",7.83,8.1,6.3,64.41,3,6.31,7th and 8th grade
Thu Jul 25 21:10:18 +0000 2019,What if I m alright right here,6.24,0.1,-1.9,106.67,1,-0.06,-1th and 0th grade
Tue Jul 23 21:57:52 +0000 2019,So excited to show you the deluxe versions of Lover You can get it at in the US or on my website Cheers,6.15,7.5,6.6,81.97,1,3.43,6th and 7th grade
Tue Jul 23 21:25:11 +0000 2019,I ve been the archer I ve been the prey Who could ever leave me darling... But who could stay,0.5,1.3,1.0,103.63,2,1.83,0th and 1st grade
Mon Jul 22 15:10:07 +0000 2019,"I m going live on Instagram tomorrow, July 23 at 5pm ET I have some stuff I m reeeeeally excited to tell you about, including some info on this Easter egg right here.",7.67,13.8,14.2,54.9,1,6.34,13th and 14th grade
Thu Jul 18 21:16:45 +0000 2019,I am a cat now and somehow that was everything CatsMovie,0.55,4.0,3.8,85.69,1,5.78,3rd and 4th grade
Thu Jul 18 16:12:10 +0000 2019,Behind the scenes with my YNTCD Taylor Park neighbors,7.59,3.3,6.6,87.72,1,9.94,3rd and 4th grade
Wed Jul 17 16:25:06 +0000 2019,Here s a first look inside CatsMovie. Trailer FRIDAY,5.84,3.3,6.1,87.72,1,8.67,3rd and 4th grade
Tue Jul 16 18:56:05 +0000 2019,Friday,0.05,8.4,7.3,36.62,1,-10.61,-1th and 0th grade
Sat Jul 13 16:25:06 +0000 2019,Cat lady thirst trap,0.2,1.3,0.6,92.8,1,1.45,0th and 1st grade
Wed Jul 10 15:58:16 +0000 2019,Tune in to tonight 9pm ET PrimeDay,6.24,0.1,0.9,106.67,1,3.26,2nd and 3rd grade
Fri Jun 28 15:41:07 +0000 2019,Friday calmness,11.63,8.8,12.5,35.61,1,10.0,-1th and 0th grade
Wed Jun 26 15:37:32 +0000 2019,Go behind the scenes of the YNTCD Taylor Park with the amazing,6.86,4.4,4.6,84.68,1,6.48,4th and 5th grade
Tue Jun 18 17:50:51 +0000 2019,Some of us had champagne on set and it shows,5.71,1.3,0.1,103.63,1,1.54,3rd and 4th grade
Mon Jun 17 22:20:43 +0000 2019,When you have a song about being calm and the video has a Cher quote in it and she posts it so henceforth you are not able to be calm anymore,6.19,9.5,10.9,82.31,1,4.08,9th and 10th grade
Mon Jun 17 15:22:07 +0000 2019,"Just like my life, this video was co executive produced by",7.05,5.2,4.6,77.23,1,6.3,5th and 6th grade
Mon Jun 17 13:24:12 +0000 2019,Stan Follow Support YNTCDmusicvideo,11.73,9.6,18.3,33.58,1,23.2,11th and 12th grade
Mon Jun 17 13:24:11 +0000 2019,Stan Follow Support DeltaWork YNTCDmusicvideo,13.36,10.0,19.7,32.56,1,25.84,9th and 10th grade
Mon Jun 17 12:50:41 +0000 2019,A happy meal,0.15,0.9,-4.3,93.81,1,-6.26,0th and 1st grade
Mon Jun 17 12:38:42 +0000 2019,Stan Follow Support DeltaWork YNTCDmusicvideo,13.36,10.0,19.7,32.56,1,25.84,9th and 10th grade
Mon Jun 17 12:18:17 +0000 2019,"The YNTCDmusicvideo is out First, I want to say that my co stars in this video are AMAZING. Please celebrate by supporting their work, following them, and going to see them perform. I m SO grateful and SO EXCITED I ACTUALLY DO NEED TO CALM DOWN.",6.45,6.9,6.7,72.87,3,6.6,6th and 7th grade
Mon Jun 17 11:16:53 +0000 2019,The YNTCDmusicvideo premieres in 1 hour Premiere watch page,9.35,4.4,9.8,79.26,1,13.83,4th and 5th grade
Sun Jun 16 15:01:36 +0000 2019,Asked a few friends to be in the You Need To Calm Down video Out tomorrow at 8 15am ET,0.99,5.2,4.3,93.48,1,2.15,4th and 5th grade
Sat Jun 15 22:38:42 +0000 2019,Tea time Monday morning,0.2,3.7,4.1,75.88,1,5.8,3rd and 4th grade
Sat Jun 15 16:56:22 +0000 2019,We all got crowns,0.2,-2.3,-3.0,118.18,1,-2.91,-1th and 0th grade
Sat Jun 15 04:21:23 +0000 2019,Can you just not step on our gowns,0.4,-0.8,-1.6,114.12,1,-0.05,-1th and 0th grade
Fri Jun 14 17:27:10 +0000 2019,"Alexa, play Today in Music",0.25,2.9,1.8,83.32,1,2.64,1st and 2nd grade
Fri Jun 14 15:58:47 +0000 2019,A delicious new video comes out Monday morning...,6.01,5.2,7.3,71.82,1,8.66,6th and 7th grade
Fri Jun 14 04:10:50 +0000 2019,Gxgjxkhdkdkydkhdkhfjvjfj,19.48,55.6,92.1,-301.79,1,93.8,55th and 56th grade
Fri Jun 14 02:55:57 +0000 2019,There were five posts in the fence.,0.35,-1.2,1.6,115.13,1,3.26,2nd and 3rd grade
Thu Jun 13 21:25:27 +0000 2019,"Lover, album out August 23. Cover shot by the artistic genius that is Pre add, pre save, pre order all the pre stuff you feel like doing Can t wait for you to hear this.",6.31,5.4,5.5,87.55,2,3.94,5th and 6th grade
Wed Jun 12 19:46:46 +0000 2019,Going live tomorrow on Instagram at 5pm ET,6.01,6.4,3.2,63.36,1,5.76,5th and 6th grade
Mon Jun 03 17:38:35 +0000 2019,Getty Entertainment,19.53,20.6,22.0,-49.0,1,21.6,20th and 21st grade
Sun Jun 02 16:12:06 +0000 2019,"Like a rainbow with all of the colors Thank you to everyone who came to Wango Tango That was FUN Ps a huge thank you to for surprising the crowd Rich Fury, Kevin Mazur, Jeff Kravitz, Wes and Alex Getty Entertainment",7.98,15.7,19.2,55.24,1,7.97,7th and 8th grade
Sat Jun 01 04:08:49 +0000 2019,lettertomysenator,19.48,79.2,59.1,-470.99,1,53.2,-1th and 0th grade
Fri May 31 18:18:58 +0000 2019,I love seeing what you re listening to on your own playlists that you ve created on Keep sharing them with me with the hashtag PlaylistbyME,7.96,9.9,12.2,70.47,1,8.42,7th and 8th grade
Sun May 26 12:32:45 +0000 2019,au revoir,0.1,-3.1,-1.7,120.21,1,-7.41,-1th and 0th grade
Fri May 24 12:29:30 +0000 2019,I love you too Thank you for having me,0.45,0.9,-1.3,104.64,1,0.26,0th and 1st grade
Fri May 24 12:21:16 +0000 2019,"Thank you for having me and the band It airs tonight. Feeling lucky that I got to be on with Michael Fassbender, and James McAvoy They were all so sweet, now I want to just walk around yelling GO SEE DARK PHOENIX. So Television BBC",5.43,3.2,5.7,98.55,3,5.73,7th and 8th grade
Fri May 24 05:58:03 +0000 2019,I made a PlaylistbyME of songs I m loving right now check it out and make your own on,6.24,4.8,4.7,94.49,1,3.19,4th and 5th grade
Wed May 22 21:17:17 +0000 2019,Had the best time performing with on finale thank you to the fans there for being so welcoming And a huge congratulations to Meeting you made my day Trae Patton NBC,7.72,13.0,14.4,56.93,1,8.37,7th and 8th grade
Sat May 11 14:42:13 +0000 2019,"Oh my God this is SO CUTE I LOVE IT. Thanks for putting all that effort into this you guys. Also Cassey I actually just finished the 30 day ab challenge Sending all of you a hug, thanks again",6.31,3.6,3.5,92.12,3,4.16,3rd and 4th grade
Thu May 09 20:04:24 +0000 2019,I know I never think before I jump...,0.4,2.9,0.2,88.74,1,-0.05,2nd and 3rd grade
Thu May 09 16:43:32 +0000 2019,"Thank you for such a wonderful experience I loved getting to talk with yep I said it, I did an actual interview with a human journalist Wanted to rep as many things people I love on the jacket and more in the interview.",7.97,17.7,19.5,44.75,1,7.21,7th and 8th grade
Thu May 02 03:16:02 +0000 2019,THIS WAS THE MAXIMUM AMOUNT OF FUN POSSIBLE. And for the first time ever I m releasing the live rehearsal audio from this performance on vinyl and CD from on my site. Thank you to every performer up there with us tonight,6.59,5.2,5.6,82.65,3,6.55,6th and 7th grade
Wed May 01 22:16:34 +0000 2019,I m trying to give them a normal upbringing but when the little ones and I ran into the flawless on the way to red carpet we STRAIGHT UP had to get a pic.,7.18,11.8,12.3,70.81,1,3.79,11th and 12th grade
Wed May 01 21:05:17 +0000 2019,Omg spelling is fun but especially in this lyric video cause we also have GLITTER,6.49,6.8,7.1,73.17,1,8.05,6th and 7th grade
Wed May 01 19:36:32 +0000 2019,"Ah, French... the language of love. A new video is out on going behind the scenes of THAT scene",0.47,2.3,2.4,95.67,2,2.93,2nd and 3rd grade
Wed May 01 05:28:43 +0000 2019,"Before I take the stage at the BBMAs, I m catching up with on Listen Wednesday 9 30AM PT 12 30PM ET 5 30PM GMT",6.14,8.3,7.3,79.94,1,2.74,6th and 7th grade
Wed May 01 02:58:16 +0000 2019,Brendon and I shot our vertical video at rehearsals in Vegas to give you a sneak peak of our performance,8.58,8.7,8.6,68.1,1,7.37,8th and 9th grade
Wed May 01 01:54:17 +0000 2019,You. Are. The. Best. taylurking fromMEtoYOU,9.2,8.0,11.4,48.47,1,12.05,7th and 8th grade
Wed May 01 01:41:50 +0000 2019,LOVE taylurking fromMEtoYOU,14.31,17.4,19.3,-24.64,1,22.75,-1th and 0th grade
Wed May 01 01:17:42 +0000 2019,YOU ARE MAKING MY DAY taylurking fromMEtoYOU,8.5,9.6,7.6,38.99,1,11.55,11th and 12th grade
Wed May 01 01:00:34 +0000 2019,I LOVE YOU GUYS taylurking fromMEtoYOU,9.2,8.0,7.5,48.47,1,11.07,7th and 8th grade
Wed May 01 00:09:33 +0000 2019,Tonight we lurk on twitter.,7.04,0.5,2.7,100.24,1,3.8,1st and 2nd grade
Tue Apr 30 17:22:07 +0000 2019,The first time I met Benji. Check out the behind the scenes video on,5.11,0.1,0.6,106.67,2,2.44,2nd and 3rd grade
Sun Apr 28 23:15:18 +0000 2019,This is AWESOME,9.05,0.9,0.5,93.81,1,-0.46,0th and 1st grade
Sun Apr 28 23:10:37 +0000 2019,SO. COOL. alexaplay ME,0.2,-2.3,2.9,118.18,1,1.45,0th and 1st grade
Sun Apr 28 23:06:08 +0000 2019,Thank you,0.1,-3.1,-1.7,120.21,1,-7.41,-1th and 0th grade
Sun Apr 28 21:04:30 +0000 2019,"Because of you guys, this video broke the record and WE ARE NOT CALM.",0.69,2.9,4.4,99.57,1,4.52,4th and 5th grade
Sun Apr 28 01:26:04 +0000 2019,This is INCREDIBLE,9.05,9.2,5.2,34.59,1,5.35,8th and 9th grade
Sun Apr 28 01:07:14 +0000 2019,GUYS YOU DID THIS CANNOT STOP SMILING And I m not trying to be loud but 65.2 million views... and 6 5 2 .............,6.15,7.5,9.3,81.97,1,2.45,7th and 8th grade
Sat Apr 27 18:15:34 +0000 2019,A huge thank you to the incredible dancers for making the video so magical and for keeping the secret for so long,6.88,9.5,9.3,66.07,1,6.96,6th and 7th grade
Sat Apr 27 00:32:06 +0000 2019,Think about the place where you first met ME MEmusicvideo,5.71,1.3,6.2,103.63,1,9.08,3rd and 4th grade
Fri Apr 26 23:16:57 +0000 2019,"So... the new album title is actually revealed somewhere in the video AND so is the title of the second single, but I haven t seen people finding them yet... MEmusicvideo",7.72,13.0,15.4,56.93,1,8.19,7th and 8th grade
Fri Apr 26 22:27:33 +0000 2019,This is Benjamin Button. He s a good boy.,5.61,0.3,-2.0,100.75,2,-2.37,-1th and 0th grade
Fri Apr 26 19:32:34 +0000 2019,This is how he prefers to travel.,6.24,0.1,0.3,106.67,1,1.57,-1th and 0th grade
Fri Apr 26 14:30:31 +0000 2019,And then there were three,0.25,-1.9,0.9,117.16,1,2.64,1st and 2nd grade
Fri Apr 26 05:13:42 +0000 2019,Chicks stans never unstan.,7.78,3.7,7.7,75.88,1,8.7,7th and 8th grade
Fri Apr 26 04:12:09 +0000 2019,ME Out now Made this song with and Dave Meyers and I co directed the video. And everyone knows you can t spell awesome without DAVIDBRENDONJOEL. Oh wait...,6.59,6.4,7.1,74.19,2,7.59,7th and 8th grade
Fri Apr 26 02:47:46 +0000 2019,On answering questions. Send help.,10.2,5.2,9.3,66.4,1,10.76,9th and 10th grade
Fri Apr 26 01:25:12 +0000 2019,"WELL GUYS it's almost midnight and my new song ME featuring of will be out. In other news, the VIDEO will be out too and I can t wait to watch live with you and answer some questions as it premieres on",5.81,6.8,7.0,84.0,2,4.41,6th and 7th grade
Thu Apr 25 21:36:43 +0000 2019,ME by the one and only,0.3,0.9,-5.2,99.23,1,-4.43,0th and 1st grade
Thu Apr 25 18:44:24 +0000 2019,"So... helped me pull off the best surprise clue reveal today in Nashville Thank you to everyone who showed up, I ve never been more proud of your FBI level detective skills. Next clue I ll be joining the magnificent for a chat tonight on ABC",6.49,8.7,10.1,73.51,2,7.09,6th and 7th grade
Wed Apr 24 14:07:05 +0000 2019,4.26,0.05,-3.5,-2.2,121.22,1,-28.01,-1th and 0th grade
Tue Apr 23 22:15:00 +0000 2019,It s TIME. time100,0.2,-2.3,-1.9,118.18,1,-2.91,-1th and 0th grade
Mon Apr 22 13:30:50 +0000 2019,4.26,0.05,-3.5,-2.2,121.22,1,-28.01,-1th and 0th grade
Sun Apr 21 14:56:02 +0000 2019,4.26,0.05,-3.5,-2.2,121.22,1,-28.01,-1th and 0th grade
Sat Apr 20 16:44:05 +0000 2019,4.26,0.05,-3.5,-2.2,121.22,1,-28.01,-1th and 0th grade
Fri Apr 19 16:10:36 +0000 2019,4.26,0.05,-3.5,-2.2,121.22,1,-28.01,-1th and 0th grade
Thu Apr 18 19:37:02 +0000 2019,4.26,0.05,-3.5,-2.2,121.22,1,-28.01,-1th and 0th grade
Wed Apr 17 16:37:09 +0000 2019,Well this is AWESOME. Thank you Thank you Pari Dukovic and thank you for your unbelievably kind words I had no idea you were writing this and just found out when I saw this,5.41,4.0,6.3,96.52,2,5.97,5th and 6th grade
Tue Apr 16 19:54:15 +0000 2019,4.26,0.05,-3.5,-2.2,121.22,1,-28.01,-1th and 0th grade
Tue Apr 16 02:05:57 +0000 2019,4.26,0.05,-3.5,-2.2,121.22,1,-28.01,-1th and 0th grade
Mon Apr 15 12:31:24 +0000 2019,4.26,0.05,-3.5,-2.2,121.22,1,-28.01,-1th and 0th grade
Sun Apr 14 18:32:18 +0000 2019,4.26,0.05,-3.5,-2.2,121.22,1,-28.01,-1th and 0th grade
Sat Apr 13 15:44:17 +0000 2019,4.26,0.05,-3.5,-2.2,121.22,1,-28.01,-1th and 0th grade
Thu Feb 28 18:48:50 +0000 2019,Grinning and blushing over here. Thank you so much for reading it,6.57,2.1,2.8,90.77,2,4.8,1st and 2nd grade
Mon Dec 31 08:05:53 +0000 2018,Out now.,0.1,-3.1,-4.0,120.21,1,-13.21,-1th and 0th grade
Sat Dec 29 17:53:27 +0000 2018,"All Too Well was never a single, and it always blows my mind that it is consistently one of the loudest songs the crowd sings when I play it. Moments like this defined the Reputation Stadium Tour for me, and I can t wait for you to see it in full starting at 12 01 AM 12 31 PST",6.97,11.3,10.8,66.91,2,4.54,10th and 11th grade
Tue Dec 18 18:39:45 +0000 2018,"Netflix marketing team So for the poster, we were thinking Me CAN YOU MAKE ME LOOK LIKE A ZOMBIE HUNTER",7.79,7.6,8.4,76.56,1,6.79,7th and 8th grade
Thu Dec 13 13:19:57 +0000 2018,Thanks so much for all the birthday wishes Today I finally get to show you something we ve been working on for a while... the trailer for the Reputation Stadium Tour The entire concert film will premiere on at 12 01AM PT December 31.,8.69,18.1,20.9,43.74,1,8.14,8th and 9th grade
Sun Jun 24 23:47:41 +0000 2018,Angels,19.48,8.4,7.3,36.62,1,-10.61,-1th and 0th grade
Fri May 25 00:10:26 +0000 2018,Amazing,19.48,8.4,12.0,36.62,1,-4.81,-1th and 0th grade
Tue May 22 20:21:11 +0000 2018,Thanks See you tonight Seattle,7.04,0.5,5.6,100.24,1,8.44,1st and 2nd grade
Wed Apr 11 00:01:54 +0000 2018,It's National Siblings Day Check out Austin's movie,7.98,4.1,8.5,80.28,1,10.8,3rd and 4th grade
Fri Mar 30 05:07:18 +0000 2018,Vertical video for Delicate out now. Only on,7.98,6.4,4.4,63.36,1,6.45,7th and 8th grade
Thu Mar 29 13:02:37 +0000 2018,New video for Delicate at midnight EST tonight. Only on,5.71,4.8,5.2,78.25,1,7.34,4th and 5th grade
Mon Mar 12 01:40:40 +0000 2018,I know that it s delicate...,6.57,2.1,-0.5,90.77,1,-1.53,2nd and 3rd grade
Sun Mar 11 23:34:29 +0000 2018,DELICATE VIDEO WORLD PREMIERE ON MUSIC AWARDS ON,7.98,5.2,6.7,71.82,1,10.11,6th and 7th grade
Thu Mar 01 22:44:51 +0000 2018,I have a very exciting update to share... and will be the opening acts on the reputationStadiumTour,7.27,9.9,10.1,54.22,1,9.74,9th and 10th grade
Mon Feb 05 22:24:46 +0000 2018,Songs I m loving right now,6.57,0.9,-2.0,99.23,1,-0.54,-1th and 0th grade
Mon Feb 05 22:24:46 +0000 2018,Songs I m loving right now,6.57,0.9,-2.0,99.23,1,-0.54,-1th and 0th grade
Fri Jan 12 05:02:48 +0000 2018,EndGameMusicVideo out now.,9.05,0.9,17.8,93.81,1,18.92,0th and 1st grade
Thu Jan 11 13:10:05 +0000 2018,Tonight at midnight eastern. EndGameMusicVideo,7.04,5.2,20.6,66.4,1,25.84,1st and 2nd grade
Wed Dec 13 20:18:16 +0000 2017,North American dates on sale now,0.3,2.1,2.8,90.77,1,5.27,2nd and 3rd grade
Thu Dec 07 02:09:40 +0000 2017,...Ready For It Remix out now,0.3,-1.5,0.4,116.15,1,-0.54,-1th and 0th grade
Mon Dec 04 17:44:16 +0000 2017,"Thank you Mert Alas and Marcus Piggott for your passion, spirit and contagious laughter on set. NewVogue",9.12,7.6,11.5,71.14,1,11.77,11th and 12th grade
Sat Dec 02 00:11:48 +0000 2017,Absolutely stunning.,19.53,20.6,24.3,-49.0,1,21.6,20th and 21st grade
Thu Nov 16 20:24:15 +0000 2017,This week has been unforgettable. I love you guys. Thanks a million,5.15,1.3,2.6,92.8,3,2.9,4th and 5th grade
Wed Nov 15 04:02:11 +0000 2017,The Making of Delicate reputation TaylorSwiftNow,11.83,16.3,15.3,-10.76,1,20.75,15th and 16th grade
Tue Nov 14 21:50:38 +0000 2017,reputaylurking reputation,19.53,32.4,36.1,-133.6,1,39.0,-1th and 0th grade
Tue Nov 14 21:49:53 +0000 2017,reputaylurking reputation,19.53,32.4,36.1,-133.6,1,39.0,-1th and 0th grade
Tue Nov 14 21:48:40 +0000 2017,reputaylurking reputation,19.53,32.4,36.1,-133.6,1,39.0,-1th and 0th grade
Tue Nov 14 21:45:48 +0000 2017,reputaylurking reputation,19.53,32.4,36.1,-133.6,1,39.0,-1th and 0th grade
Tue Nov 14 21:43:48 +0000 2017,reputaylurking reputation,19.53,32.4,36.1,-133.6,1,39.0,-1th and 0th grade
Tue Nov 14 21:41:51 +0000 2017,reputaylurking reputation,19.53,32.4,36.1,-133.6,1,39.0,-1th and 0th grade
Tue Nov 14 21:39:44 +0000 2017,reputaylurking reputation,19.53,32.4,36.1,-133.6,1,39.0,-1th and 0th grade
Sun Nov 12 01:05:33 +0000 2017,"THANK YOU SO MUCH AHHHH PS, I ADORED your CMA performance",7.05,5.2,4.2,77.23,1,5.78,6th and 7th grade
Sat Nov 11 21:40:53 +0000 2017,Tonight. Mary Ellen Matthews,0.2,-2.3,10.0,118.18,1,11.6,-1th and 0th grade
Sat Nov 11 20:42:51 +0000 2017,My cousins in St. Louis sent this to me. I LOVE YOU,0.2,-2.3,-3.8,118.18,3,-4.82,0th and 1st grade
Sat Nov 11 20:19:24 +0000 2017,reputaylurking reputation,19.53,32.4,36.1,-133.6,1,39.0,-1th and 0th grade
Sat Nov 11 20:17:02 +0000 2017,reputaylurking reputation,19.53,32.4,36.1,-133.6,1,39.0,-1th and 0th grade
Sat Nov 11 20:14:56 +0000 2017,reputaylurking reputation,19.53,32.4,36.1,-133.6,1,39.0,-1th and 0th grade
Sat Nov 11 20:13:42 +0000 2017,reputaylurking reputation,19.53,32.4,36.1,-133.6,1,39.0,-1th and 0th grade
Sat Nov 11 20:11:53 +0000 2017,reputaylurking reputation,19.53,32.4,36.1,-133.6,1,39.0,-1th and 0th grade
Sat Nov 11 19:39:29 +0000 2017,reputaylurking reputation,19.53,32.4,36.1,-133.6,1,39.0,-1th and 0th grade
Sat Nov 11 19:37:36 +0000 2017,reputaylurking reputation,19.53,32.4,36.1,-133.6,1,39.0,-1th and 0th grade
Sat Nov 11 19:34:24 +0000 2017,reputaylurking reputation,19.53,32.4,36.1,-133.6,1,39.0,-1th and 0th grade
Sat Nov 11 19:31:31 +0000 2017,reputaylurking reputation,19.53,32.4,36.1,-133.6,1,39.0,-1th and 0th grade
Sat Nov 11 19:30:02 +0000 2017,reputaylurking reputation,19.53,32.4,36.1,-133.6,1,39.0,-1th and 0th grade
Sat Nov 11 19:07:25 +0000 2017,reputaylurking reputation,19.53,32.4,36.1,-133.6,1,39.0,-1th and 0th grade
Sat Nov 11 19:03:27 +0000 2017,reputaylurking reputation,19.53,32.4,36.1,-133.6,1,39.0,-1th and 0th grade
Sat Nov 11 19:01:27 +0000 2017,reputaylurking reputation,19.53,32.4,36.1,-133.6,1,39.0,-1th and 0th grade
Sat Nov 11 18:57:21 +0000 2017,reputaylurking reputation,19.53,32.4,36.1,-133.6,1,39.0,-1th and 0th grade
Sat Nov 11 18:55:36 +0000 2017,reputaylurking reputation,19.53,32.4,36.1,-133.6,1,39.0,-1th and 0th grade
Fri Nov 10 04:23:55 +0000 2017,reputation is out now. Let the games begin.,5.81,3.7,1.8,75.88,2,1.45,1st and 2nd grade
Thu Nov 09 19:34:44 +0000 2017,Waiting for reputation like...,11.73,9.6,12.4,33.58,1,11.6,11th and 12th grade
Thu Nov 09 18:20:50 +0000 2017,ABC tonight during Scandal reputation TGIT,9.2,8.0,10.6,48.47,1,14.95,10th and 11th grade
Thu Nov 09 02:27:32 +0000 2017,In NYC for SNL rehearsals. I LOVE YOU and CMAs.,5.46,-0.8,-1.1,108.7,2,-0.85,-1th and 0th grade
Thu Nov 09 00:58:03 +0000 2017,Two days until reputation.,7.78,9.6,7.7,33.58,1,8.7,7th and 8th grade
Wed Nov 08 19:08:38 +0000 2017,Three new behind the scenes videos available now. Only on,5.71,3.7,6.2,86.71,1,8.5,3rd and 4th grade
Wed Nov 08 15:04:07 +0000 2017,Forgot to show the back of the Target magazines on Friday you can get your hands on this quality reading material.,7.69,10.3,10.2,58.62,1,8.41,9th and 10th grade
Wed Nov 08 03:37:34 +0000 2017,3 days until reputation.,7.78,9.6,5.3,33.58,1,5.8,11th and 12th grade
Tue Nov 07 19:57:47 +0000 2017,"Two unique magazines. Poetry, paintings, lyrics amp polaroids. Available Friday",11.78,7.6,14.0,49.48,2,16.56,7th and 8th grade
Tue Nov 07 13:43:34 +0000 2017,Inside the reputation Secret Sessions,10.2,12.3,12.2,15.64,1,16.56,12th and 13th grade
Fri Nov 03 12:00:17 +0000 2017,The CallItWhatYouWant lyric video is out now Watch it here,5.71,2.5,6.6,95.17,1,9.66,4th and 5th grade
Fri Nov 03 04:26:29 +0000 2017,Call It What You Want available now. Pre order reputation,7.04,4.1,3.7,74.86,2,5.54,5th and 6th grade
Thu Nov 02 12:29:43 +0000 2017,Call It What You Want. Midnight Eastern.,0.35,2.5,5.0,89.75,1,6.56,2nd and 3rd grade
Fri Oct 27 04:03:37 +0000 2017,ReadyForItMusicVideo,19.48,32.0,73.3,-132.59,1,70.6,31st and 32nd grade
Mon Oct 02 14:44:06 +0000 2017,There are no words to express the helplessness and sorrow my broken heart feels for the victims in Vegas and their families.,8.32,9.5,11.6,66.07,1,9.63,9th and 10th grade
Thu Sep 07 15:11:59 +0000 2017,Some real tough questions I had for Olivia.,6.01,2.9,3.8,88.74,1,5.76,2nd and 3rd grade
Thu Sep 07 15:11:18 +0000 2017,Such a taxing day when they're like 'eat some cookie dough' and you're like 'ok I'll make this sacrifice for my art',6.16,7.2,9.9,82.99,1,5.92,5th and 6th grade
Sun Sep 03 12:05:42 +0000 2017,A second glance into reputation...ready for it,6.24,9.6,9.0,38.99,1,10.74,8th and 9th grade
Mon Aug 28 02:42:53 +0000 2017,The LWYMMDvideo is out now,7.04,2.9,1.8,83.32,1,3.8,2nd and 3rd grade
Fri Aug 25 11:57:17 +0000 2017,Official LWYMMDvideo world premiere. Sunday 8 27 at the,9.12,6.2,5.4,58.45,2,7.33,5th and 6th grade
Fri Aug 25 03:32:03 +0000 2017,New single LookWhatYouMadeMeDo out now. Pre order reputation Merch amp ticket info at,7.6,8.2,8.3,47.96,2,11.89,7th and 8th grade
